Company,Hiring_cities
ACCC," Townsville"
ACCC," Sydney"
ACCC," Melbourne"
ACCC," Canberra"
ACCC," Hobart"
"Accenture Australia"," Brisbane"
"Accenture Australia"," Sydney"
"Accenture Australia"," Perth"
AECOM,N/A
AECOM," Perth"
AECOM," Brisbane"
AECOM," Melbourne"
Aginic," Sydney"
Aginic," Brisbane"
Aginic," Melbourne"
Agoda," Perth"
Agoda," Sydney"
Agoda," Melbourne"
"Allianz Australia"," Melbourne"
"Allianz Australia"," Brisbane"
"Allianz Australia"," Sydney"
Amazon," Brisbane"
Amazon," Ravenhall"
Amazon," Sydney"
"Amazon Web Services (AWS)"," Melbourne"
"Amazon Web Services (AWS)"," Sydney"
"Amazon Web Services (AWS)"," Brisbane"
"Amazon Web Services (AWS)"," Adelaide"
"ASG Group"," Sydney"
"ASG Group"," Canberra"
"ASG Group"," Brisbane"
"Australian Government Department of Education  Skills and Employment (DESE)"," Melbourne"
"Australian Government Department of Education  Skills and Employment (DESE)"," Canberra"
"Australian Government Department of Education  Skills and Employment (DESE)"," Sydney"
"Australian Government Department of Education  Skills and Employment (DESE)"," Brisbane"
"Australian Government Department of Education  Skills and Employment (DESE)"," Adelaide"
Avanade," Canberra"
Avanade," Perth"
Avanade," Melbourne"
Avanade," Adelaide"
Avanade," Brisbane"
Avanade," Sydney"
"Avance Clinical"," Sydney"
"Avance Clinical"," Melbourne"
"Avance Clinical"," Adelaide"
"Avance Clinical"," Brisbane"
"Bank of Queensland"," Brisbane"
"Bank of Queensland"," Melbourne"
"Bank of Queensland"," Sydney"
Boeing," Brisbane"
Boeing," Adelaide"
"Brunel Australasia",N/A
"Brunel Australasia"," Newstead"
Canva," Sydney"
Canva," Perth"
Canva,N/A
Capgemini," Melbourne"
Capgemini," Sydney"
Capgemini," Adelaide"
Capgemini," Canberra"
"Chandler Macleod"," Fortitude Valley"
"Chandler Macleod",N/A
Cognizant," Perth"
Cognizant," Melbourne"
Cognizant," Sydney"
"Commonwealth Bank"," Melbourne"
"Commonwealth Bank"," Brisbane"
"Commonwealth Bank"," Sydney"
Crypto.com,N/A
Crypto.com," Melbourne"
CSIRO," Canberra"
CSIRO," Perth"
CSIRO," Sydney"
CSIRO," Hobart"
"Deakin University"," Melbourne"
"Deakin University"," Burwood"
Deloitte," Brisbane"
Deloitte," Perth"
Deloitte," Melbourne"
Deloitte," Sydney"
Deloitte," Canberra"
DWS," Adelaide"
DWS," Melbourne"
"DXC Technology"," Melbourne"
"DXC Technology"," Macquarie Park"
"DXC Technology"," Canberra"
"DXC Technology"," Adelaide"
eliiza," Sydney"
eliiza," Brisbane"
eliiza," Melbourne"
"Emanate Technology"," Canberra"
"Emanate Technology"," Brisbane"
"Endeavour Group"," Sydney"
"Endeavour Group",N/A
"Endeavour Group"," Northbridge"
Equifax," Docklands"
Equifax," North Sydney"
eTeam," Melbourne"
eTeam," Sydney"
EY," Sydney"
EY," Adelaide"
EY," Brisbane City"
EY," Belconnen"
EY," Perth"
EY," Melbourne"
"FDM Group"," Sydney"
"FDM Group"," Melbourne"
"FIRST PEOPLE Recruitment Solutions"," Adelaide"
"FIRST PEOPLE Recruitment Solutions"," Sunshine Coast"
"FIRST PEOPLE Recruitment Solutions"," Canberra"
"General Assembly"," Sydney"
"General Assembly"," Melbourne"
GitHub," Brisbane"
GitHub," Melbourne"
GitHub," Perth"
GitHub," Adelaide"
"Green Light Worldwide"," Melbourne"
"Green Light Worldwide"," Sydney"
"Halcyon Knights"," Brisbane"
"Halcyon Knights"," Melbourne"
"Hastha Solutions"," Brisbane"
"Hastha Solutions"," Brisbane City"
"Hastha Solutions"," Russell"
"Hastha Solutions"," Sydney"
"Hastha Solutions"," Melbourne"
Hays," Gold Coast"
Hays," Melbourne"
Hays," Sydney"
"Honey Insurance"," Millers Point"
"Honey Insurance"," Sydney"
Infosys," Melbourne"
Infosys," Sydney"
"Insignia Financial"," Brisbane City"
"Insignia Financial"," Melbourne"
"Insignia Financial"," Brisbane"
"Insignia Financial"," Sydney"
IQVIA," Sydney"
IQVIA," St Leonards"
Iress," Melbourne"
Iress," Sydney"
Iress," Brisbane"
Iress," Perth"
"Jobs on jobactive"," Bedford Park"
"Jobs on jobactive"," Macquarie Park"
"Jobs on jobactive"," Parramatta"
"Jobs on jobactive"," Pyrmont"
"Jobs on jobactive"," Chatswood"
"Jobs on jobactive"," Surry Hills"
"Jobs on jobactive"," Perth"
"Jobs on jobactive"," Orange"
"Jobs on jobactive"," Barangaroo"
"Jobs on jobactive"," Sydney"
"Jobs on jobactive"," Haymarket"
"Jobs on jobactive"," St Leonards"
"Jobs via eFinancialCareers"," Perth"
"Jobs via eFinancialCareers"," Gold Coast"
"Jobs via eFinancialCareers"," Sydney"
"Jobs via eFinancialCareers"," Melbourne"
"Kmart Australia Limited"," Melbourne"
"Kmart Australia Limited"," Mulgrave"
"KPMG Australia"," Canberra"
"KPMG Australia"," Melbourne"
"KPMG Australia"," Sydney"
"KPMG Australia"," Perth"
Linktree," Sydney"
Linktree," Melbourne"
Linktree,N/A
Luxoft," Sydney"
Luxoft," Melbourne"
Luxoft,N/A
Medibank," Melbourne"
Medibank,N/A
"Michael Page"," Sydney"
"Michael Page"," Perth"
"Michael Page"," Melbourne"
"Morgan McKinley",N/A
"Morgan McKinley"," Sydney"
MYOB," Sydney"
MYOB," Melbourne"
NewyTechPeople," Melbourne"
NewyTechPeople," Sydney"
"Norton Rose Fulbright"," Brisbane"
"Norton Rose Fulbright"," Melbourne"
"Norton Rose Fulbright"," Sydney"
"Nous Group"," Darwin"
"Nous Group"," Sydney"
"Nous Group"," Melbourne"
"NSW Department of Customer Service"," Gosford"
"NSW Department of Customer Service"," Sydney"
Optus," Sydney"
Optus," Melbourne"
"Page Personnel"," Chatswood"
"Page Personnel"," Canberra"
Peoplebank," Perth"
Peoplebank," Canberra"
Peoplebank," Brisbane"
Peoplebank," Sydney"
Peoplebank," Macquarie"
Peoplebank,N/A
"Pulse  part of Ogilvy PR"," Melbourne"
"Pulse  part of Ogilvy PR"," Sydney"
"PwC Australia"," Canberra"
"PwC Australia"," Perth"
"PwC Australia"," Adelaide"
"PwC Australia"," Melbourne"
"PwC Australia"," Brisbane"
"PwC Australia"," Sydney"
"Pyramid Global Technologies"," Perth"
"Pyramid Global Technologies"," Melbourne"
"Randstad Australia"," Adelaide"
"Randstad Australia"," Sydney"
"Randstad Australia"," Melbourne"
"Randstad Australia"," Canberra"
"Randstad Australia"," Brisbane"
"REA Group"," Sydney"
"REA Group"," Richmond"
"Resolution Life"," Melbourne"
"Resolution Life"," Sydney"
"Robert Half"," Leederville"
"Robert Half"," Sydney"
"Robert Half"," Brisbane"
"Robert Walters"," Surry Hills"
"Robert Walters"," Parramatta"
"Robert Walters"," Sydney"
RPS," Fortitude Valley"
RPS," Sydney"
"SustainDigital Recruitment"," Sydney"
"SustainDigital Recruitment"," Melbourne"
Talent," Perth"
Talent,N/A
Talent," Brisbane"
Talent," Adelaide"
Talent," Melbourne"
"Talent Insights Group"," Sydney"
"Talent Insights Group"," Brisbane"
"Talent Insights Group",N/A
"Talent Insights Group"," Melbourne"
"Tata Consultancy Services"," Adelaide"
"Tata Consultancy Services"," Sydney"
"Tata Consultancy Services"," Melbourne"
"Tech Mahindra"," Sydney"
"Tech Mahindra"," Canberra"
"TELUS International"," Sydney"
"TELUS International",N/A
"The NRMA"," Sydney Olympic Park"
"The NRMA"," Sydney"
Toptal," Brisbane"
Toptal," Melbourne"
Toptal,N/A
Toptal," Shepparton"
Toptal," Bendigo"
Toptal," Darwin"
Toptal," Perth"
Toptal," Canberra"
Toptal," Hobart"
Toptal," Townsville"
Toptal," Geelong"
Toptal," Adelaide"
Troocoo," Sydney"
Troocoo," Brisbane"
"Urban Utilities"," Brisbane"
"Urban Utilities"," Herston"
Versent," Melbourne"
Versent," Brisbane"
VGW," Sydney"
VGW," Perth"
Wipro," Melbourne"
Wipro," Perth"
"Woolworths Group"," Brisbane"
"Woolworths Group"," Sydney"
Worley," Sydney"
Worley," Newcastle"
Worley," Brisbane"
Worley," Melbourne"
"XPT Software"," Melbourne"
"XPT Software"," Sydney"
"XPT Software Australia"," Sydney"
"XPT Software Australia"," Melbourne"
